id,name,avatar,correo
1,Juan Pérez,https://api.example.com/avatars/1.jpg,juan.perez@example.com
2,María García, https://api.example.com/avatars/2.jpg , maria.garcia@example.com
3,Carlos López,https://api.example.com/avatars/3.jpg,carlos.lopez@example.com
4,Ana Martínez,https://api.example.com/avatars/4.jpg,ana.martinez@example.com
5,Pedro González,https://api.example.com/avatars/5.jpg,pedro.gonzalez@example.com
6,Laura Rodríguez, https://api.example.com/avatars/6.jpg,laura.rodriguez@example.com
7,Javier Fernández,https://api.example.com/avatars/7.jpg,JAVIER.FERNANDEZ@EXAMPLE.COM
8,Sofía Sánchez,https://api.example.com/avatars/8.jpg, sofia.sanchez@example.com 
9,Roberto Díaz,https://api.example.com/avatars/9.jpg,roberto.diaz@example.com
10,Elena Jiménez,https://api.example.com/avatars/10.jpg,elena.jimenez@example.com
11,David Castro,https://api.example.com/avatars/11.jpg,david.castro@example.com
12,Francisca Moreno,https://api.example.com/avatars/12.jpg,francisca.moreno@example.com
13,Eduardo Ruiz,https://api.example.com/avatars/13.jpg,EDUARDO.RUIZ@EXAMPLE.COM
14,Claudia Vargas,https://api.example.com/avatars/14.jpg, claudia.vargas@example.com
15,Raúl Campos,https://api.example.com/avatars/15.jpg,raul.campos@example.com
16,Isabela Morales,https://api.example.com/avatars/16.jpg,isabela.morales@example.com
17,Fernando Rojas,https://api.example.com/avatars/17.jpg, fernando.rojas@example.com 
18,Gabriela Silva,https://api.example.com/avatars/18.jpg,gabriela.silva@example.com
19,Antonio Torres,https://api.example.com/avatars/19.jpg,antonio.torres@example.com
20,María Luz,https://api.example.com/avatars/20.jpg,marialuz@example.com
21,Jorge Núñez,https://api.example.com/avatars/21.jpg,JORGE.NUNEZ@EXAMPLE.COM
22,Valentina Riquelme,https://api.example.com/avatars/22.jpg,valentina.riquelme@example.com
23,Patricio Araya,https://api.example.com/avatars/23.jpg, patricio.araya@example.com
24,Mariana Costa,https://api.example.com/avatars/24.jpg,mariana.costa@example.com
25,Ricardo Herrera,https://api.example.com/avatars/25.jpg,ricardo.herrera@example.com
26,Camila Espinoza, https://api.example.com/avatars/26.jpg,CAMILA.ESPINOZA@EXAMPLE.COM
27,Andrés Mendoza,https://api.example.com/avatars/27.jpg,andres.mendoza@example.com
28,Rosario Flores,https://api.example.com/avatars/28.jpg, rosario.flores@example.com 
29,Gustavo López,https://api.example.com/avatars/29.jpg,gustavo.lopez@example.com
30,Marcela Soto,https://api.example.com/avatars/30.jpg,marcela.soto@example.com
31,Felipe Navarro,https://api.example.com/avatars/31.jpg,FELIPE.NAVARRO@EXAMPLE.COM
32,Lorena Vial,https://api.example.com/avatars/32.jpg, lorena.vial@example.com
33,Rodrigo Fuentes,https://api.example.com/avatars/33.jpg,rodrigo.fuentes@example.com
34,Viviana Bravo,https://api.example.com/avatars/34.jpg,viviana.bravo@example.com
35,Sergio Cortés,https://api.example.com/avatars/35.jpg, sergio.cortes@example.com 
36,Natalia Zamorano,https://api.example.com/avatars/36.jpg,natalia.zamorano@example.com
37,Tomás Araya,https://api.example.com/avatars/37.jpg,TOMAS.ARAYA@EXAMPLE.COM
38,Analía Muñoz,https://api.example.com/avatars/38.jpg, analia.munoz@example.com
39,Mauricio Gutiérrez,https://api.example.com/avatars/39.jpg,mauricio.gutierrez@example.com
40,Daniela Romero,https://api.example.com/avatars/40.jpg,daniela.romero@example.com
41,Álvaro Salinas, https://api.example.com/avatars/41.jpg,ALVARO.SALINAS@EXAMPLE.COM
42,Fernanda Delgado,https://api.example.com/avatars/42.jpg, fernanda.delgado@example.com 
43,Marco Paredes,https://api.example.com/avatars/43.jpg,marco.paredes@example.com
44,Constanza Medina,https://api.example.com/avatars/44.jpg,constanza.medina@example.com
45,Cristian Baez,https://api.example.com/avatars/45.jpg,cristian.baez@example.com
46,Antonia Oliva,https://api.example.com/avatars/46.jpg, antonia.oliva@example.com
47,Héctor Vásquez,https://api.example.com/avatars/47.jpg,HECTOR.VASQUEZ@EXAMPLE.COM
48,Mónica Fuentes,https://api.example.com/avatars/48.jpg,monica.fuentes@example.com
49,Jaime Salazar,https://api.example.com/avatars/49.jpg, jaime.salazar@example.com 
50,Silvia Valdés,https://api.example.com/avatars/50.jpg,silvia.valdes@example.com
51,Ignacio Vega,https://api.example.com/avatars/51.jpg,IGNACIO.VEGA@EXAMPLE.COM
52,Marisol García,https://api.example.com/avatars/52.jpg, marisol.garcia@example.com
53,Julio Ramírez,https://api.example.com/avatars/53.jpg,julio.ramirez@example.com
54,Beatriz Salas,https://api.example.com/avatars/54.jpg,beatriz.salas@example.com
55,Esteban Sáez,https://api.example.com/avatars/55.jpg, esteban.saez@example.com 
56,Patricia Parra,https://api.example.com/avatars/56.jpg,PATRICIA.PARRA@EXAMPLE.COM
57,Víctor Tapia,https://api.example.com/avatars/57.jpg,victor.tapia@example.com
58,Teresa Molina,https://api.example.com/avatars/58.jpg, teresa.molina@example.com
59,Alejandro Zapata,https://api.example.com/avatars/59.jpg,alejandro.zapata@example.com
60,Iris Piña,https://api.example.com/avatars/60.jpg,iris.pina@example.com
61,Ramón Flores,https://api.example.com/avatars/61.jpg, ramon.flores@example.com 
62,Marta Durán,https://api.example.com/avatars/62.jpg,MARTA.DURAN@EXAMPLE.COM
63,Ulises Cruz,https://api.example.com/avatars/63.jpg,ulises.cruz@example.com
64,Yasmín Valenzuela,https://api.example.com/avatars/64.jpg, yasmin.valenzuela@example.com
65,Osvaldo Cáceres,https://api.example.com/avatars/65.jpg,osvaldo.caceres@example.com
66,Ximena Donoso,https://api.example.com/avatars/66.jpg,XIMENA.DONOSO@EXAMPLE.COM
67,Zoraida Campos,https://api.example.com/avatars/67.jpg, zoraida.campos@example.com 
68,Alberto Pérez,https://api.example.com/avatars/68.jpg,alberto.perez@example.com
69,Berta López,https://api.example.com/avatars/69.jpg,berta.lopez@example.com
70,Carmen Rodríguez,https://api.example.com/avatars/70.jpg, carmen.rodriguez@example.com
71,Domingo García,https://api.example.com/avatars/71.jpg,DOMINGO.GARCIA@EXAMPLE.COM
72,Esperanza Martínez,https://api.example.com/avatars/72.jpg,esperanza.martinez@example.com
73,Femerina González,https://api.example.com/avatars/73.jpg, femerina.gonzalez@example.com 
74,Gisela Fernández,https://api.example.com/avatars/74.jpg,gisela.fernandez@example.com
75,Hilario Sánchez,https://api.example.com/avatars/75.jpg,hilario.sanchez@example.com
76,Iris Díaz,https://api.example.com/avatars/76.jpg, iris.diaz@example.com
77,Jacinto Jiménez,https://api.example.com/avatars/77.jpg,JACINTO.JIMENEZ@EXAMPLE.COM
78,Karolina Castro,https://api.example.com/avatars/78.jpg,karolina.castro@example.com
79,Leopoldina Ruiz,https://api.example.com/avatars/79.jpg, leopoldina.ruiz@example.com 
80,Magdalena Vargas,https://api.example.com/avatars/80.jpg,magdalena.vargas@example.com
81,Nazario Campos,https://api.example.com/avatars/81.jpg,nazario.campos@example.com
82,Olvidio Morales,https://api.example.com/avatars/82.jpg, olvidio.morales@example.com
83,Pompeya Rojas,https://api.example.com/avatars/83.jpg,POMPEYA.ROJAS@EXAMPLE.COM
84,Queta Silva,https://api.example.com/avatars/84.jpg,queta.silva@example.com
85,Rafaela Torres,https://api.example.com/avatars/85.jpg, rafaela.torres@example.com 
86,Sergio Núñez,https://api.example.com/avatars/86.jpg,sergio.nunez@example.com
87,Tania Riquelme,https://api.example.com/avatars/87.jpg,tania.riquelme@example.com
88,Ulrike Araya,https://api.example.com/avatars/88.jpg, ulrike.araya@example.com
89,Verónica Costa,https://api.example.com/avatars/89.jpg,VERONICA.COSTA@EXAMPLE.COM
90,Wendell Herrera,https://api.example.com/avatars/90.jpg,wendell.herrera@example.com
91,Xenia Espinoza,https://api.example.com/avatars/91.jpg, xenia.espinoza@example.com 
92,Yolanda Mendoza,https://api.example.com/avatars/92.jpg,yolanda.mendoza@example.com
93,Zenón López,https://api.example.com/avatars/93.jpg,zenon.lopez@example.com
94,Aracely Soto,https://api.example.com/avatars/94.jpg, aracely.soto@example.com
95,Baudilio Navarro,https://api.example.com/avatars/95.jpg,BAUDILIO.NAVARRO@EXAMPLE.COM
96,Candelaria Vial,https://api.example.com/avatars/96.jpg,candelaria.vial@example.com
97,Dalila Fuentes,https://api.example.com/avatars/97.jpg, dalila.fuentes@example.com 
98,Emilia Bravo,https://api.example.com/avatars/98.jpg,emilia.bravo@example.com
99,Fausto Cortés,https://api.example.com/avatars/99.jpg,fausto.cortes@example.com
100,Genoveva Zamorano,https://api.example.com/avatars/100.jpg, genoveva.zamorano@example.com
101,Haroldo Araya,https://api.example.com/avatars/101.jpg,HAROLDO.ARAYA@EXAMPLE.COM
102,Imelda Muñoz,https://api.example.com/avatars/102.jpg,imelda.munoz@example.com
103,Jaime Gutiérrez,https://api.example.com/avatars/103.jpg, jaime.gutierrez@example.com 
104,Karina Romero,https://api.example.com/avatars/104.jpg,karina.romero@example.com
105,Leopoldo Salinas,https://api.example.com/avatars/105.jpg,leopoldo.salinas@example.com
106,Marina Delgado,https://api.example.com/avatars/106.jpg, marina.delgado@example.com
107,Norberto Paredes,https://api.example.com/avatars/107.jpg,NORBERTO.PAREDES@EXAMPLE.COM
108,Ofelia Medina,https://api.example.com/avatars/108.jpg,ofelia.medina@example.com
109,Prudencio Baez,https://api.example.com/avatars/109.jpg, prudencio.baez@example.com 
110,Quiterio Oliva,https://api.example.com/avatars/110.jpg,quiterio.oliva@example.com
111,Rogelio Vásquez,https://api.example.com/avatars/111.jpg,rogelio.vasquez@example.com
112,Serapio Fuentes,https://api.example.com/avatars/112.jpg, serapio.fuentes@example.com
113,Teodoro Salazar,https://api.example.com/avatars/113.jpg,TEODORO.SALAZAR@EXAMPLE.COM
114,Urbano Valdés,https://api.example.com/avatars/114.jpg,urbano.valdes@example.com
115,Valentín Vega,https://api.example.com/avatars/115.jpg, valentin.vega@example.com 
116,Waldemiro García,https://api.example.com/avatars/116.jpg,waldemiro.garcia@example.com
117,Xiomara Ramírez,https://api.example.com/avatars/117.jpg,xiomara.ramirez@example.com
118,Yolanda Salas,https://api.example.com/avatars/118.jpg, yolanda.salas@example.com
119,Zeferino Sáez,https://api.example.com/avatars/119.jpg,ZEFERINO.SAEZ@EXAMPLE.COM
120,Abundancia Parra,https://api.example.com/avatars/120.jpg,abundancia.parra@example.com
121,Benilson Tapia,https://api.example.com/avatars/121.jpg, benilson.tapia@example.com 
122,Cándida Molina,https://api.example.com/avatars/122.jpg,candida.molina@example.com
123,Deifilia Zapata,https://api.example.com/avatars/123.jpg,deifilia.zapata@example.com
124,Eulalia Piña,https://api.example.com/avatars/124.jpg, eulalia.pina@example.com
125,Facundina Flores,https://api.example.com/avatars/125.jpg,FACUNDINA.FLORES@EXAMPLE.COM
126,Garnacio Durán,https://api.example.com/avatars/126.jpg,garnacio.duran@example.com
127,Heladio Cruz,https://api.example.com/avatars/127.jpg, heladio.cruz@example.com 
128,Ideliza Valenzuela,https://api.example.com/avatars/128.jpg,ideliza.valenzuela@example.com
129,Jalapa Cáceres,https://api.example.com/avatars/129.jpg,jalapa.caceres@example.com
130,Keila Donoso,https://api.example.com/avatars/130.jpg, keila.donoso@example.com
131,Latonia Campos,https://api.example.com/avatars/131.jpg,LATONIA.CAMPOS@EXAMPLE.COM
132,Marcelina Pérez,https://api.example.com/avatars/132.jpg,marcelina.perez@example.com
133,Narciso López,https://api.example.com/avatars/133.jpg, narciso.lopez@example.com 
134,Odila Rodríguez,https://api.example.com/avatars/134.jpg,odila.rodriguez@example.com
135,Pasqualina García,https://api.example.com/avatars/135.jpg,pasqualina.garcia@example.com
136,Quintiliana Martínez,https://api.example.com/avatars/136.jpg, quintiliana.martinez@example.com
137,Reinaldo González,https://api.example.com/avatars/137.jpg,REINALDO.GONZALEZ@EXAMPLE.COM
138,Sagrada Fernández,https://api.example.com/avatars/138.jpg,sagrada.fernandez@example.com
139,Teófila Sánchez,https://api.example.com/avatars/139.jpg, teofila.sanchez@example.com 
140,Ursulina Díaz,https://api.example.com/avatars/140.jpg,ursulina.diaz@example.com
141,Valeriana Jiménez,https://api.example.com/avatars/141.jpg,valeriana.jimenez@example.com
142,Waldina Castro,https://api.example.com/avatars/142.jpg, waldina.castro@example.com
143,Xenia Ruiz,https://api.example.com/avatars/143.jpg,XENIA.RUIZ@EXAMPLE.COM
144,Ymelda Vargas,https://api.example.com/avatars/144.jpg,ymelda.vargas@example.com
145,Zaida Campos,https://api.example.com/avatars/145.jpg, zaida.campos@example.com 
146,Adelaida Morales,https://api.example.com/avatars/146.jpg,adelaida.morales@example.com
147,Basilio Rojas,https://api.example.com/avatars/147.jpg,basilio.rojas@example.com
148,Celestina Silva,https://api.example.com/avatars/148.jpg, celestina.silva@example.com
149,Dolores Torres,https://api.example.com/avatars/149.jpg,DOLORES.TORRES@EXAMPLE.COM
150,Esperidiona Núñez,https://api.example.com/avatars/150.jpg,esperidiona.nunez@example.com
151,Filiberta Riquelme,https://api.example.com/avatars/151.jpg, filiberta.riquelme@example.com 
152,Gertrude Araya,https://api.example.com/avatars/152.jpg,gertrude.araya@example.com
153,Herminia Costa,https://api.example.com/avatars/153.jpg,herminia.costa@example.com
154,Ileana Herrera,https://api.example.com/avatars/154.jpg, ileana.herrera@example.com
155,Jacoba Espinoza,https://api.example.com/avatars/155.jpg,JACOBA.ESPINOZA@EXAMPLE.COM
156,Kassandra Mendoza,https://api.example.com/avatars/156.jpg,kassandra.mendoza@example.com
157,Leticia López,https://api.example.com/avatars/157.jpg, leticia.lopez@example.com 
158,Margarita Soto,https://api.example.com/avatars/158.jpg,margarita.soto@example.com
159,Natividad Navarro,https://api.example.com/avatars/159.jpg,natividad.navarro@example.com
160,Ovidia Vial,https://api.example.com/avatars/160.jpg, ovidia.vial@example.com
161,Palmira Fuentes,https://api.example.com/avatars/161.jpg,PALMIRA.FUENTES@EXAMPLE.COM
162,Queta Bravo,https://api.example.com/avatars/162.jpg,queta.bravo@example.com
163,Rinconada Cortés,https://api.example.com/avatars/163.jpg, rinconada.cortes@example.com 
164,Salvadora Zamorano,https://api.example.com/avatars/164.jpg,salvadora.zamorano@example.com
165,Telma Araya,https://api.example.com/avatars/165.jpg,telma.araya@example.com
166,Úrsula Muñoz,https://api.example.com/avatars/166.jpg, ursula.munoz@example.com
167,Venancia Gutiérrez,https://api.example.com/avatars/167.jpg,VENANCIA.GUTIERREZ@EXAMPLE.COM
168,Wilfrida Romero,https://api.example.com/avatars/168.jpg,wilfrida.romero@example.com
169,Xochitl Salinas,https://api.example.com/avatars/169.jpg, xochitl.salinas@example.com 
170,Yanina Delgado,https://api.example.com/avatars/170.jpg,yanina.delgado@example.com
171,Zenaida Paredes,https://api.example.com/avatars/171.jpg,zenaida.paredes@example.com
172,Adolfo Medina,https://api.example.com/avatars/172.jpg, adolfo.medina@example.com
173,Bartola Baez,https://api.example.com/avatars/173.jpg,BARTOLA.BAEZ@EXAMPLE.COM
174,Casimiro Oliva,https://api.example.com/avatars/174.jpg,casimiro.oliva@example.com
175,Darío Vásquez,https://api.example.com/avatars/175.jpg, dario.vasquez@example.com 
176,Efigenia Fuentes,https://api.example.com/avatars/176.jpg,efigenia.fuentes@example.com
177,Feliciano Salazar,https://api.example.com/avatars/177.jpg,feliciano.salazar@example.com
178,Gertrudis Valdés,https://api.example.com/avatars/178.jpg, gertrudis.valdes@example.com
179,Hilción Vega,https://api.example.com/avatars/179.jpg,HILCION.VEGA@EXAMPLE.COM
180,Isidora García,https://api.example.com/avatars/180.jpg,isidora.garcia@example.com
181,Januária Ramírez,https://api.example.com/avatars/181.jpg, januaria.ramirez@example.com 
182,Kasilda Salas,https://api.example.com/avatars/182.jpg,kasilda.salas@example.com
183,Leoncia Sáez,https://api.example.com/avatars/183.jpg,leoncia.saez@example.com
184,Marciana Parra,https://api.example.com/avatars/184.jpg, marciana.parra@example.com
185,Nepomuceno Tapia,https://api.example.com/avatars/185.jpg,NEPOMUCENO.TAPIA@EXAMPLE.COM
186,Orfilia Molina,https://api.example.com/avatars/186.jpg,orfilia.molina@example.com
187,Paquita Zapata,https://api.example.com/avatars/187.jpg, paquita.zapata@example.com 
188,Quirilo Piña,https://api.example.com/avatars/188.jpg,quirilo.pina@example.com
189,Rodolfo Flores,https://api.example.com/avatars/189.jpg,rodolfo.flores@example.com
190,Sagrario Durán,https://api.example.com/avatars/190.jpg, sagrario.duran@example.com
191,Tampico Cruz,https://api.example.com/avatars/191.jpg,TAMPICO.CRUZ@EXAMPLE.COM
192,Ursicina Valenzuela,https://api.example.com/avatars/192.jpg,ursicina.valenzuela@example.com
193,Vicario Cáceres,https://api.example.com/avatars/193.jpg, vicario.caceres@example.com 
194,Wilmar Donoso,https://api.example.com/avatars/194.jpg,wilmar.donoso@example.com
195,Xenia Campos,https://api.example.com/avatars/195.jpg,xenia.campos@example.com
196,Yuri Pérez,https://api.example.com/avatars/196.jpg, yuri.perez@example.com
197,Zabdiel López,https://api.example.com/avatars/197.jpg,ZABDIEL.LOPEZ@EXAMPLE.COM
198,Agapito Rodríguez,https://api.example.com/avatars/198.jpg,agapito.rodriguez@example.com
199,Benilda García,https://api.example.com/avatars/199.jpg, benilda.garcia@example.com 
200,Cándido Martínez,https://api.example.com/avatars/200.jpg,candido.martinez@example.com
201,Dalton González,https://api.example.com/avatars/201.jpg,dalton.gonzalez@example.com
202,Edilberto Fernández,https://api.example.com/avatars/202.jpg, edilberto.fernandez@example.com
203,Facundo Sánchez,https://api.example.com/avatars/203.jpg,FACUNDO.SANCHEZ@EXAMPLE.COM
204,Gavino Díaz,https://api.example.com/avatars/204.jpg,gavino.diaz@example.com
205,Hermenegildo Jiménez,https://api.example.com/avatars/205.jpg, hermenegildo.jimenez@example.com 
206,Ilario Castro,https://api.example.com/avatars/206.jpg,ilario.castro@example.com
207,Jovita Ruiz,https://api.example.com/avatars/207.jpg,jovita.ruiz@example.com
208,Kirkland Vargas,https://api.example.com/avatars/208.jpg, kirkland.vargas@example.com
209,Lourdes Campos,https://api.example.com/avatars/209.jpg,LOURDES.CAMPOS@EXAMPLE.COM
210,Marcelo Morales,https://api.example.com/avatars/210.jpg,marcelo.morales@example.com
211,Narcisa Rojas,https://api.example.com/avatars/211.jpg, narcisa.rojas@example.com 
212,Odón Silva,https://api.example.com/avatars/212.jpg,odon.silva@example.com
213,Prudencia Torres,https://api.example.com/avatars/213.jpg,prudencia.torres@example.com
214,Quiliana Núñez,https://api.example.com/avatars/214.jpg, quiliana.nunez@example.com
215,Ramona Riquelme,https://api.example.com/avatars/215.jpg,RAMONA.RIQUELME@EXAMPLE.COM
216,Simoneta Araya,https://api.example.com/avatars/216.jpg,simoneta.araya@example.com
217,Tarsicio Costa,https://api.example.com/avatars/217.jpg, tarsicio.costa@example.com 
218,Urbano Herrera,https://api.example.com/avatars/218.jpg,urbano.herrera@example.com
219,Vanesa Espinoza,https://api.example.com/avatars/219.jpg,vanesa.espinoza@example.com
220,Wilfreda Mendoza,https://api.example.com/avatars/220.jpg, wilfreda.mendoza@example.com
221,Yera López,https://api.example.com/avatars/221.jpg,YERA.LOPEZ@EXAMPLE.COM
222,Zacarias Soto,https://api.example.com/avatars/222.jpg,zacarias.soto@example.com
223,Adonai Navarro,https://api.example.com/avatars/223.jpg, adonai.navarro@example.com 
224,Balbuena Vial,https://api.example.com/avatars/224.jpg,balbuena.vial@example.com
225,Canale Fuentes,https://api.example.com/avatars/225.jpg,canale.fuentes@example.com
226,Donata Bravo,https://api.example.com/avatars/226.jpg, donata.bravo@example.com
227,Epifanio Cortés,https://api.example.com/avatars/227.jpg,EPIFANIO.CORTES@EXAMPLE.COM
228,Fausto Zamorano,https://api.example.com/avatars/228.jpg,fausto.zamorano@example.com
229,Genaro Araya,https://api.example.com/avatars/229.jpg, genaro.araya@example.com 
230,Heraclio Muñoz,https://api.example.com/avatars/230.jpg,heraclio.munoz@example.com
231,Isadora Gutiérrez,https://api.example.com/avatars/231.jpg,isadora.gutierrez@example.com
232,Jacobo Romero,https://api.example.com/avatars/232.jpg, jacobo.romero@example.com
233,Keila Salinas,https://api.example.com/avatars/233.jpg,KEILA.SALINAS@EXAMPLE.COM
234,Lamberto Delgado,https://api.example.com/avatars/234.jpg,lamberto.delgado@example.com
235,Magistral Paredes,https://api.example.com/avatars/235.jpg, magistral.paredes@example.com 
236,Natalio Medina,https://api.example.com/avatars/236.jpg,natalio.medina@example.com
237,Olegario Baez,https://api.example.com/avatars/237.jpg,olegario.baez@example.com
238,Paciencia Oliva,https://api.example.com/avatars/238.jpg, paciencia.oliva@example.com
239,Quiliano Vásquez,https://api.example.com/avatars/239.jpg,QUILIANO.VASQUEZ@EXAMPLE.COM
240,Ricarda Fuentes,https://api.example.com/avatars/240.jpg,ricarda.fuentes@example.com
241,Serafino Salazar,https://api.example.com/avatars/241.jpg, serafino.salazar@example.com 
242,Telsforo Valdés,https://api.example.com/avatars/242.jpg,telsforo.valdes@example.com
243,Urbana Vega,https://api.example.com/avatars/243.jpg,urbana.vega@example.com
244,Valeriano García,https://api.example.com/avatars/244.jpg, valeriano.garcia@example.com
245,Waldindo Ramírez,https://api.example.com/avatars/245.jpg,WALDINDO.RAMIREZ@EXAMPLE.COM
246,Xamara Salas,https://api.example.com/avatars/246.jpg,xamara.salas@example.com
247,Yisel Sáez,https://api.example.com/avatars/247.jpg, yisel.saez@example.com 
248,Zacharias Parra,https://api.example.com/avatars/248.jpg,zacharias.parra@example.com
249,Absalón Tapia,https://api.example.com/avatars/249.jpg,absalon.tapia@example.com
250,Basilisa Molina,https://api.example.com/avatars/250.jpg, basilisa.molina@example.com
251,Cesario Zapata,https://api.example.com/avatars/251.jpg,CESARIO.ZAPATA@EXAMPLE.COM
252,Delfina Piña,https://api.example.com/avatars/252.jpg,delfina.pina@example.com
253,Evaristo Flores,https://api.example.com/avatars/253.jpg, evaristo.flores@example.com 
254,Fabiana Durán,https://api.example.com/avatars/254.jpg,fabiana.duran@example.com
255,Gavino Cruz,https://api.example.com/avatars/255.jpg,gavino.cruz@example.com
256,Herlinda Valenzuela,https://api.example.com/avatars/256.jpg, herlinda.valenzuela@example.com
257,Introducio Cáceres,https://api.example.com/avatars/257.jpg,INTRODUCIO.CACERES@EXAMPLE.COM
258,Jacintha Donoso,https://api.example.com/avatars/258.jpg,jacintha.donoso@example.com
259,Kalina Campos,https://api.example.com/avatars/259.jpg, kalina.campos@example.com 
260,Leocadia Pérez,https://api.example.com/avatars/260.jpg,leocadia.perez@example.com
261,Macedonio López,https://api.example.com/avatars/261.jpg,macedonio.lopez@example.com
262,Nazaria Rodríguez,https://api.example.com/avatars/262.jpg, nazaria.rodriguez@example.com
263,Olegaria García,https://api.example.com/avatars/263.jpg,OLEGARIA.GARCIA@EXAMPLE.COM
264,Patrocinio Martínez,https://api.example.com/avatars/264.jpg,patrocinio.martinez@example.com
265,Quilita González,https://api.example.com/avatars/265.jpg, quilita.gonzalez@example.com 
266,Renacimiento Fernández,https://api.example.com/avatars/266.jpg,renacimiento.fernandez@example.com
267,Sancho Sánchez,https://api.example.com/avatars/267.jpg,sancho.sanchez@example.com
268,Teodora Díaz,https://api.example.com/avatars/268.jpg, teodora.diaz@example.com
269,Ubaldino Jiménez,https://api.example.com/avatars/269.jpg,UBALDINO.JIMENEZ@EXAMPLE.COM
270,Valeria Castro,https://api.example.com/avatars/270.jpg,valeria.castro@example.com
271,Walterio Ruiz,https://api.example.com/avatars/271.jpg, walterio.ruiz@example.com 
272,Xenia Vargas,https://api.example.com/avatars/272.jpg,xenia.vargas@example.com
273,Yara Campos,https://api.example.com/avatars/273.jpg,yara.campos@example.com
274,Zéfiro Morales,https://api.example.com/avatars/274.jpg, zefiro.morales@example.com
275,Abasio Rojas,https://api.example.com/avatars/275.jpg,ABASIO.ROJAS@EXAMPLE.COM
276,Bernarda Silva,https://api.example.com/avatars/276.jpg,bernarda.silva@example.com
277,Camina Torres,https://api.example.com/avatars/277.jpg, camina.torres@example.com 
278,Deodato Núñez,https://api.example.com/avatars/278.jpg,deodato.nunez@example.com
279,Evangelina Riquelme,https://api.example.com/avatars/279.jpg,evangelina.riquelme@example.com
280,Faustino Araya,https://api.example.com/avatars/280.jpg, faustino.araya@example.com
281,Gaudencio Costa,https://api.example.com/avatars/281.jpg,GAUDENCIO.COSTA@EXAMPLE.COM
282,Hilario Herrera,https://api.example.com/avatars/282.jpg,hilario.herrera@example.com
283,Isabelino Espinoza,https://api.example.com/avatars/283.jpg, isabelino.espinoza@example.com 
284,Justiniano Mendoza,https://api.example.com/avatars/284.jpg,justiniano.mendoza@example.com
285,Karlinda López,https://api.example.com/avatars/285.jpg,karlinda.lopez@example.com
286,Lelio Soto,https://api.example.com/avatars/286.jpg, lelio.soto@example.com
287,Malachías Navarro,https://api.example.com/avatars/287.jpg,MALAQUIAS.NAVARRO@EXAMPLE.COM
288,Natalia Vial,https://api.example.com/avatars/288.jpg,natalia.vial@example.com
289,Orlandino Fuentes,https://api.example.com/avatars/289.jpg, orlandino.fuentes@example.com 
290,Pastora Bravo,https://api.example.com/avatars/290.jpg,pastora.bravo@example.com
291,Quiterio Cortés,https://api.example.com/avatars/291.jpg,quiterio.cortes@example.com
292,Reneida Zamorano,https://api.example.com/avatars/292.jpg, reneida.zamorano@example.com
293,Selerina Araya,https://api.example.com/avatars/293.jpg,SELERINA.ARAYA@EXAMPLE.COM
294,Timoteo Muñoz,https://api.example.com/avatars/294.jpg,timoteo.munoz@example.com
295,Urbildina Gutiérrez,https://api.example.com/avatars/295.jpg, urbildina.gutierrez@example.com 
296,Valeriana Romero,https://api.example.com/avatars/296.jpg,valeriana.romero@example.com
297,Wendolina Salinas,https://api.example.com/avatars/297.jpg,wendolina.salinas@example.com
298,Ximena Delgado,https://api.example.com/avatars/298.jpg, ximena.delgado@example.com
299,Yolanda Paredes,https://api.example.com/avatars/299.jpg,YOLANDA.PAREDES@EXAMPLE.COM
300,Zelina Medina,https://api.example.com/avatars/300.jpg,zelina.medina@example.com
301,,https://api.example.com/avatars/301.jpg,usuario301@example.com
302,Oscar González, https://api.example.com/avatars/302.jpg ,oscar.gonzalez@example.com
303,Paula Moreno,https://api.example.com/avatars/303.jpg,paula.moreno@example.com
304,Quintin López,https://api.example.com/avatars/304.jpg, quintin.lopez@example.com 
305,Rita Gómez,https://api.example.com/avatars/305.jpg,RITA.GOMEZ@EXAMPLE.COM
306,Samuel Rodríguez,https://api.example.com/avatars/306.jpg,samuel.rodriguez@example.com
307,Tania Martín,https://api.example.com/avatars/307.jpg, tania.martin@example.com
308,Ulises García,https://api.example.com/avatars/308.jpg,ulises.garcia@example.com
309,Verónica López,https://api.example.com/avatars/309.jpg, veronica.lopez@example.com 
310,Wilmer Sánchez,https://api.example.com/avatars/310.jpg,WILMER.SANCHEZ@EXAMPLE.COM
311,Xavier Torres,https://api.example.com/avatars/311.jpg,xavier.torres@example.com
312,Yaneth Díaz,https://api.example.com/avatars/312.jpg, yaneth.diaz@example.com
313,Zeneida Jiménez,https://api.example.com/avatars/313.jpg,zeneida.jimenez@example.com
314,Abelardo Castro,https://api.example.com/avatars/314.jpg,abelardo.castro@example.com
315,Blanca Ruiz,https://api.example.com/avatars/315.jpg, blanca.ruiz@example.com 
316,Carmen Vargas,https://api.example.com/avatars/316.jpg,carmen.vargas@example.com
317,Darío Campos,https://api.example.com/avatars/317.jpg,dario.campos@example.com
318,Elidia Morales,https://api.example.com/avatars/318.jpg, elidia.morales@example.com
319,Florencio Rojas,https://api.example.com/avatars/319.jpg,FLORENCIO.ROJAS@EXAMPLE.COM
320,Gaudelia Silva,https://api.example.com/avatars/320.jpg,gaudelia.silva@example.com
321,Hildebrando Torres,https://api.example.com/avatars/321.jpg, hildebrando.torres@example.com 
322,Isadora Núñez,https://api.example.com/avatars/322.jpg,isadora.nunez@example.com
323,Javier Riquelme,https://api.example.com/avatars/323.jpg,javier.riquelme@example.com
324,Katelina Araya,https://api.example.com/avatars/324.jpg, katelina.araya@example.com
325,Leodegario Costa,https://api.example.com/avatars/325.jpg,LEODEGARIO.COSTA@EXAMPLE.COM
326,Margarito Herrera,https://api.example.com/avatars/326.jpg,margarito.herrera@example.com
327,Nauricio Espinoza,https://api.example.com/avatars/327.jpg, nauricio.espinoza@example.com 
328,Odalesca Mendoza,https://api.example.com/avatars/328.jpg,odalesca.mendoza@example.com
329,Plutarco López,https://api.example.com/avatars/329.jpg,plutarco.lopez@example.com
330,Quiteria Soto,https://api.example.com/avatars/330.jpg, quiteria.soto@example.com
331,Rino Navarro,https://api.example.com/avatars/331.jpg,RINO.NAVARRO@EXAMPLE.COM
332,Silvio Vial,https://api.example.com/avatars/332.jpg,silvio.vial@example.com
333,Tapia Fuentes,https://api.example.com/avatars/333.jpg, tapia.fuentes@example.com 
334,Unai Bravo,https://api.example.com/avatars/334.jpg,unai.bravo@example.com
335,Valentina Cortés,https://api.example.com/avatars/335.jpg,valentina.cortes@example.com
336,Waldino Zamorano,https://api.example.com/avatars/336.jpg, waldino.zamorano@example.com
337,Xenia Araya,https://api.example.com/avatars/337.jpg,XENIA.ARAYA@EXAMPLE.COM
338,Yolanda Muñoz,https://api.example.com/avatars/338.jpg,yolanda.munoz@example.com
339,Zenobio Gutiérrez,https://api.example.com/avatars/339.jpg, zenobio.gutierrez@example.com 
340,Alipio Romero,https://api.example.com/avatars/340.jpg,alipio.romero@example.com
341,Baudelia Salinas,https://api.example.com/avatars/341.jpg,baudelia.salinas@example.com
342,Camila Delgado,https://api.example.com/avatars/342.jpg, camila.delgado@example.com
343,Darío Paredes,https://api.example.com/avatars/343.jpg,DARIO.PAREDES@EXAMPLE.COM
344,Emiliano Medina,https://api.example.com/avatars/344.jpg,emiliano.medina@example.com
345,Feliberta Baez,https://api.example.com/avatars/345.jpg, feliberta.baez@example.com 
346,Gratiniano Oliva,https://api.example.com/avatars/346.jpg,gratiniano.oliva@example.com
347,Herculano Vásquez,https://api.example.com/avatars/347.jpg,herculano.vasquez@example.com
348,Inocencio Fuentes,https://api.example.com/avatars/348.jpg, inocencio.fuentes@example.com
349,Jacinto Salazar,https://api.example.com/avatars/349.jpg,JACINTO.SALAZAR@EXAMPLE.COM
350,Klaus Valdés,https://api.example.com/avatars/350.jpg,klaus.valdes@example.com
351,Laureano Vega,https://api.example.com/avatars/351.jpg, laureano.vega@example.com 
352,Marcelina García,https://api.example.com/avatars/352.jpg,marcelina.garcia@example.com
353,Nemesio Ramírez,https://api.example.com/avatars/353.jpg,nemesio.ramirez@example.com
354,Obdulio Salas,https://api.example.com/avatars/354.jpg, obdulio.salas@example.com
355,Pánfilo Sáez,https://api.example.com/avatars/355.jpg,PANFILO.SAEZ@EXAMPLE.COM
356,Quarentena Parra,https://api.example.com/avatars/356.jpg,quarentena.parra@example.com
357,Rodolfo Tapia,https://api.example.com/avatars/357.jpg, rodolfo.tapia@example.com 
358,Salomé Molina,https://api.example.com/avatars/358.jpg,salome.molina@example.com
359,Tranquilino Zapata,https://api.example.com/avatars/359.jpg,tranquilino.zapata@example.com
360,Ursicio Piña,https://api.example.com/avatars/360.jpg, ursicio.pina@example.com
361,Valdemar Flores,https://api.example.com/avatars/361.jpg,VALDEMAR.FLORES@EXAMPLE.COM
362,Wildredo Durán,https://api.example.com/avatars/362.jpg,wildredo.duran@example.com
363,Xantipa Cruz,https://api.example.com/avatars/363.jpg, xantipa.cruz@example.com 
364,Ygnacio Valenzuela,https://api.example.com/avatars/364.jpg,ygnacio.valenzuela@example.com
365,Zacarías Cáceres,https://api.example.com/avatars/365.jpg,zacarias.caceres@example.com
366,Alanzo Donoso,https://api.example.com/avatars/366.jpg, alanzo.donoso@example.com
367,Blanca Campos,https://api.example.com/avatars/367.jpg,BLANCA.CAMPOS@EXAMPLE.COM
368,Candela Pérez,https://api.example.com/avatars/368.jpg,candela.perez@example.com
369,Dalila López,https://api.example.com/avatars/369.jpg, dalila.lopez@example.com 
370,Edmund Rodríguez,https://api.example.com/avatars/370.jpg,edmund.rodriguez@example.com
371,Felicidad García,https://api.example.com/avatars/371.jpg,felicidad.garcia@example.com
372,Galdino Martínez,https://api.example.com/avatars/372.jpg, galdino.martinez@example.com
373,Herbert González,https://api.example.com/avatars/373.jpg,HERBERT.GONZALEZ@EXAMPLE.COM
374,Ingenio Fernández,https://api.example.com/avatars/374.jpg,ingenio.fernandez@example.com
375,Josefo Sánchez,https://api.example.com/avatars/375.jpg, josefo.sanchez@example.com 
376,Kastilio Díaz,https://api.example.com/avatars/376.jpg,kastilio.diaz@example.com
377,Leoncio Jiménez,https://api.example.com/avatars/377.jpg,leoncio.jimenez@example.com
378,Marcelino Castro,https://api.example.com/avatars/378.jpg, marcelino.castro@example.com
379,Nicanor Ruiz,https://api.example.com/avatars/379.jpg,NICANOR.RUIZ@EXAMPLE.COM
380,Olegario Vargas,https://api.example.com/avatars/380.jpg,olegario.vargas@example.com
381,Policarpo Campos,https://api.example.com/avatars/381.jpg, policarpo.campos@example.com 
382,Quiterio Morales,https://api.example.com/avatars/382.jpg,quiterio.morales@example.com
383,Romualdo Rojas,https://api.example.com/avatars/383.jpg,romualdo.rojas@example.com
384,Sandalio Silva,https://api.example.com/avatars/384.jpg, sandalio.silva@example.com
385,Tarquinio Torres,https://api.example.com/avatars/385.jpg,TARQUINIO.TORRES@EXAMPLE.COM
386,Ubertino Núñez,https://api.example.com/avatars/386.jpg,ubertino.nunez@example.com
387,Valentino Riquelme,https://api.example.com/avatars/387.jpg, valentino.riquelme@example.com 
388,Walquiria Araya,https://api.example.com/avatars/388.jpg,walquiria.araya@example.com
389,Xenio Costa,https://api.example.com/avatars/389.jpg,xenio.costa@example.com
390,Yolanda Herrera,https://api.example.com/avatars/390.jpg, yolanda.herrera@example.com
391,Zoilo Espinoza,https://api.example.com/avatars/391.jpg,ZOILO.ESPINOZA@EXAMPLE.COM
392,Ambrosio Mendoza,https://api.example.com/avatars/392.jpg,ambrosio.mendoza@example.com
393,Benedicto López,https://api.example.com/avatars/393.jpg, benedicto.lopez@example.com 
394,Casilda Soto,https://api.example.com/avatars/394.jpg,casilda.soto@example.com
395,Damián Navarro,https://api.example.com/avatars/395.jpg,damian.navarro@example.com
396,Ernestina Vial,https://api.example.com/avatars/396.jpg, ernestina.vial@example.com
397,Fabio Fuentes,https://api.example.com/avatars/397.jpg,FABIO.FUENTES@EXAMPLE.COM
398,Geróntimo Bravo,https://api.example.com/avatars/398.jpg,gerontimo.bravo@example.com
399,Hilarión Cortés,https://api.example.com/avatars/399.jpg, hilarion.cortes@example.com 
400,Ildelfonso Zamorano,https://api.example.com/avatars/400.jpg,ildelfonso.zamorano@example.com
401,Jalisco Araya,https://api.example.com/avatars/401.jpg,jalisco.araya@example.com
402,Kermit Muñoz,https://api.example.com/avatars/402.jpg, kermit.munoz@example.com
403,Leonardo Gutiérrez,https://api.example.com/avatars/403.jpg,LEONARDO.GUTIERREZ@EXAMPLE.COM
404,Marcelino Romero,https://api.example.com/avatars/404.jpg,marcelino.romero@example.com
405,Nabor Salinas,https://api.example.com/avatars/405.jpg, nabor.salinas@example.com 
406,Obispo Delgado,https://api.example.com/avatars/406.jpg,obispo.delgado@example.com
407,Pascasio Paredes,https://api.example.com/avatars/407.jpg,pascasio.paredes@example.com
408,Quiroga Medina,https://api.example.com/avatars/408.jpg, quiroga.medina@example.com
409,Rodofo Baez,https://api.example.com/avatars/409.jpg,RODOFO.BAEZ@EXAMPLE.COM
410,Salustiano Oliva,https://api.example.com/avatars/410.jpg,salustiano.oliva@example.com
411,Telesforo Vásquez,https://api.example.com/avatars/411.jpg, telesforo.vasquez@example.com 
412,Urbicio Fuentes,https://api.example.com/avatars/412.jpg,urbicio.fuentes@example.com
413,Valentín Salazar,https://api.example.com/avatars/413.jpg,valentin.salazar@example.com
414,Wilderico Valdés,https://api.example.com/avatars/414.jpg, wilderico.valdes@example.com
415,Xulio Vega,https://api.example.com/avatars/415.jpg,XULIO.VEGA@EXAMPLE.COM
416,Yanqui García,https://api.example.com/avatars/416.jpg,yanqui.garcia@example.com
417,Zacatecas Ramírez,https://api.example.com/avatars/417.jpg, zacatecas.ramirez@example.com 
418,Abilio Salas,https://api.example.com/avatars/418.jpg,abilio.salas@example.com
419,Bernard Sáez,https://api.example.com/avatars/419.jpg,bernard.saez@example.com
420,Caminda Parra,https://api.example.com/avatars/420.jpg, caminda.parra@example.com
421,Dalmiro Tapia,https://api.example.com/avatars/421.jpg,DALMIRO.TAPIA@EXAMPLE.COM
422,Edmundo Molina,https://api.example.com/avatars/422.jpg,edmundo.molina@example.com
423,Farcisio Zapata,https://api.example.com/avatars/423.jpg, farcisio.zapata@example.com 
424,Gedeón Piña,https://api.example.com/avatars/424.jpg,gedeon.pina@example.com
425,Helio Flores,https://api.example.com/avatars/425.jpg,helio.flores@example.com
426,Inocente Durán,https://api.example.com/avatars/426.jpg, inocente.duran@example.com
427,Jacundino Cruz,https://api.example.com/avatars/427.jpg,JACUNDINO.CRUZ@EXAMPLE.COM
428,Kalidasa Valenzuela,https://api.example.com/avatars/428.jpg,kalidasa.valenzuela@example.com
429,Liberato Cáceres,https://api.example.com/avatars/429.jpg, liberato.caceres@example.com 
430,Magdaleno Donoso,https://api.example.com/avatars/430.jpg,magdaleno.donoso@example.com
431,Nabucodonosor Campos,https://api.example.com/avatars/431.jpg,nabucodonosor.campos@example.com
432,Obimón Pérez,https://api.example.com/avatars/432.jpg, obimon.perez@example.com
433,Pagano López,https://api.example.com/avatars/433.jpg,PAGANO.LOPEZ@EXAMPLE.COM
434,Quirino Rodríguez,https://api.example.com/avatars/434.jpg,quirino.rodriguez@example.com
435,Rodolfo García,https://api.example.com/avatars/435.jpg, rodolfo.garcia@example.com 
436,Salomón Martínez,https://api.example.com/avatars/436.jpg,salomon.martinez@example.com
437,Telémaco González,https://api.example.com/avatars/437.jpg,telemaco.gonzalez@example.com
438,Urbano Fernández,https://api.example.com/avatars/438.jpg, urbano.fernandez@example.com
439,Valentín Sánchez,https://api.example.com/avatars/439.jpg,VALENTIN.SANCHEZ@EXAMPLE.COM
440,Wilfrido Díaz,https://api.example.com/avatars/440.jpg,wilfrido.diaz@example.com
441,Xilófono Jiménez,https://api.example.com/avatars/441.jpg, xilofonojimenez@example.com 
442,Yácinto Castro,https://api.example.com/avatars/442.jpg,yacinto.castro@example.com
443,Zacarías Ruiz,https://api.example.com/avatars/443.jpg,zacarias.ruiz@example.com
444,Abundio Vargas,https://api.example.com/avatars/444.jpg, abundio.vargas@example.com
445,Benigno Campos,https://api.example.com/avatars/445.jpg,BENIGNO.CAMPOS@EXAMPLE.COM
446,Celementina Morales,https://api.example.com/avatars/446.jpg,celementina.morales@example.com
447,Diógenes Rojas,https://api.example.com/avatars/447.jpg, diogenes.rojas@example.com 
448,Eleazar Silva,https://api.example.com/avatars/448.jpg,eleazar.silva@example.com
449,Fecundino Torres,https://api.example.com/avatars/449.jpg,fecundino.torres@example.com
450,Gaudioso Núñez,https://api.example.com/avatars/450.jpg, gaudioso.nunez@example.com
451,Hermenegildo Riquelme,https://api.example.com/avatars/451.jpg,HERMENEGILDO.RIQUELME@EXAMPLE.COM
452,Ignacio Araya,https://api.example.com/avatars/452.jpg,ignacio.araya@example.com
453,Joviano Costa,https://api.example.com/avatars/453.jpg, joviano.costa@example.com 
454,Karolino Herrera,https://api.example.com/avatars/454.jpg,karolino.herrera@example.com
455,Lamberto Espinoza,https://api.example.com/avatars/455.jpg,lamberto.espinoza@example.com
456,Marceliano Mendoza,https://api.example.com/avatars/456.jpg, marceliano.mendoza@example.com
457,Narciso López,https://api.example.com/avatars/457.jpg,NARCISO.LOPEZ@EXAMPLE.COM
458,Octaviano Soto,https://api.example.com/avatars/458.jpg,octaviano.soto@example.com
459,Patricio Navarro,https://api.example.com/avatars/459.jpg, patricio.navarro@example.com 
460,Quiliberio Vial,https://api.example.com/avatars/460.jpg,quiliberio.vial@example.com
461,Rosalino Fuentes,https://api.example.com/avatars/461.jpg,rosalino.fuentes@example.com
462,Saturnino Bravo,https://api.example.com/avatars/462.jpg, saturnino.bravo@example.com
463,Teódulo Cortés,https://api.example.com/avatars/463.jpg,TEODULO.CORTES@EXAMPLE.COM
464,Ursino Zamorano,https://api.example.com/avatars/464.jpg,ursino.zamorano@example.com
465,Valeriano Araya,https://api.example.com/avatars/465.jpg, valeriano.araya@example.com 
466,Walfrido Muñoz,https://api.example.com/avatars/466.jpg,walfrido.munoz@example.com
467,Xavi Gutiérrez,https://api.example.com/avatars/467.jpg,xavi.gutierrez@example.com
468,Yandel Romero,https://api.example.com/avatars/468.jpg, yandel.romero@example.com
469,Zeferino Salinas,https://api.example.com/avatars/469.jpg,ZEFERINO.SALINAS@EXAMPLE.COM
470,Anacleto Delgado,https://api.example.com/avatars/470.jpg,anacleto.delgado@example.com
471,Baltazar Paredes,https://api.example.com/avatars/471.jpg, baltazar.paredes@example.com 
472,Candelario Medina,https://api.example.com/avatars/472.jpg,candelario.medina@example.com
473,Daría Baez,https://api.example.com/avatars/473.jpg,daria.baez@example.com
474,Eugenio Oliva,https://api.example.com/avatars/474.jpg, eugenio.oliva@example.com
475,Fabio Vásquez,https://api.example.com/avatars/475.jpg,FABIO.VASQUEZ@EXAMPLE.COM
476,Galo Fuentes,https://api.example.com/avatars/476.jpg,galo.fuentes@example.com
477,Heraclio Salazar,https://api.example.com/avatars/477.jpg, heraclio.salazar@example.com 
478,Isidro Valdés,https://api.example.com/avatars/478.jpg,isidro.valdes@example.com
479,Jesús Vega,https://api.example.com/avatars/479.jpg,jesus.vega@example.com
480,Kiliano García,https://api.example.com/avatars/480.jpg, kiliano.garcia@example.com
481,Laurentino Ramírez,https://api.example.com/avatars/481.jpg,LAURENTINO.RAMIREZ@EXAMPLE.COM
482,Macedonio Salas,https://api.example.com/avatars/482.jpg,macedonio.salas@example.com
483,Natalio Sáez,https://api.example.com/avatars/483.jpg, nataliosáez@example.com 
484,Octavio Parra,https://api.example.com/avatars/484.jpg,octavio.parra@example.com
485,Pedro Tapia,https://api.example.com/avatars/485.jpg,pedro.tapia@example.com
486,Quilico Molina,https://api.example.com/avatars/486.jpg, quilico.molina@example.com
487,Rosendo Zapata,https://api.example.com/avatars/487.jpg,ROSENDO.ZAPATA@EXAMPLE.COM
488,Sébastien Piña,https://api.example.com/avatars/488.jpg,sebastian.pina@example.com
489,Telesforo Flores,https://api.example.com/avatars/489.jpg, telesforo.flores@example.com 
490,Ursinio Durán,https://api.example.com/avatars/490.jpg,ursinio.duran@example.com
491,Venancio Cruz,https://api.example.com/avatars/491.jpg,venancio.cruz@example.com
492,Walredo Valenzuela,https://api.example.com/avatars/492.jpg, walredo.valenzuela@example.com
493,Xantippe Cáceres,https://api.example.com/avatars/493.jpg,XANTIPPE.CACERES@EXAMPLE.COM
494,Yaneth Donoso,https://api.example.com/avatars/494.jpg,yaneth.donoso@example.com
495,Zecarías Campos,https://api.example.com/avatars/495.jpg, zecarías.campos@example.com 
496,Absolón Pérez,https://api.example.com/avatars/496.jpg,absolon.perez@example.com
497,Bernardo López,https://api.example.com/avatars/497.jpg,bernardo.lopez@example.com
498,Casimiro Rodríguez,https://api.example.com/avatars/498.jpg, casimiro.rodriguez@example.com
499,Domiciano García,https://api.example.com/avatars/499.jpg,DOMICIANO.GARCIA@EXAMPLE.COM
500,Emeterio Martínez,https://api.example.com/avatars/500.jpg,emeterio.martinez@example.com
